{"cameraMode":{"drawMode":0,"name":"Shaded","section":"Shading Mode"},"sceneLighting":false,"audioPlay":false,"sceneViewState":{"m_AlwaysRefresh":false,"showFog":true,"showSkybox":false,"showFlares":true,"showImageEffects":true,"showParticleSystems":true,"showVisualEffectGraphs":true,"m_FxEnabled":true},"in2DMode":false,"pivot":{"x":-0.13963782787322999,"y":0.005662332288920879,"z":-0.057977624237537387},"rotation":{"x":0.09888815879821778,"y":0.2971512973308563,"z":-0.030969418585300447,"w":0.9492019414901733},"size":0.058867815881967548,"orthographic":false}