{"cameraMode":{"drawMode":0,"name":"Shaded","section":"Shading Mode"},"sceneLighting":false,"audioPlay":false,"sceneViewState":{"m_AlwaysRefresh":false,"showFog":true,"showSkybox":false,"showFlares":true,"showImageEffects":true,"showParticleSystems":true,"showVisualEffectGraphs":true,"m_FxEnabled":true},"in2DMode":false,"pivot":{"x":0.000012874603271484375,"y":1.7255942821502686,"z":0.33599376678466799},"rotation":{"x":-0.0750170424580574,"y":0.65067058801651,"z":-0.06482942402362824,"w":-0.7528833746910095},"size":4.248568534851074,"orthographic":false}