{"cameraMode":{"drawMode":0,"name":"Shaded","section":"Shading Mode"},"sceneLighting":false,"audioPlay":false,"sceneViewState":{"m_AlwaysRefresh":false,"showFog":true,"showSkybox":false,"showFlares":true,"showImageEffects":true,"showParticleSystems":true,"showVisualEffectGraphs":true,"m_FxEnabled":true},"in2DMode":false,"pivot":{"x":0.1376720666885376,"y":0.02776363492012024,"z":0.07040657848119736},"rotation":{"x":0.09888815879821778,"y":0.2971512973308563,"z":-0.030969418585300447,"w":0.9492019414901733},"size":0.05189047008752823,"orthographic":false}