{"cameraMode":{"drawMode":0,"name":"Shaded","section":"Shading Mode"},"sceneLighting":false,"audioPlay":false,"sceneViewState":{"m_AlwaysRefresh":false,"showFog":true,"showSkybox":false,"showFlares":true,"showImageEffects":true,"showParticleSystems":true,"showVisualEffectGraphs":true,"m_FxEnabled":true},"in2DMode":false,"pivot":{"x":0.675233006477356,"y":0.8977572917938232,"z":2.026381015777588},"rotation":{"x":0.0025798268616199495,"y":-0.28528282046318056,"z":-0.0007639058749191463,"w":-0.9584569334983826},"size":0.8750264644622803,"orthographic":false}