{"cameraMode":{"drawMode":0,"name":"Shaded","section":"Shading Mode"},"sceneLighting":false,"audioPlay":false,"sceneViewState":{"m_AlwaysRefresh":false,"showFog":true,"showSkybox":false,"showFlares":true,"showImageEffects":true,"showParticleSystems":true,"showVisualEffectGraphs":true,"m_FxEnabled":true},"in2DMode":false,"pivot":{"x":-0.04834652692079544,"y":0.005662332288920879,"z":-0.05761021375656128},"rotation":{"x":0.08242953568696976,"y":0.20371399819850923,"z":-0.017227062955498697,"w":0.9754126071929932},"size":0.05991476774215698,"orthographic":false}